index,studytime,count,G3_mean,G3_median
0,1,105,10.047619047619047,10.0
1,2,198,10.171717171717171,11.0
2,3,65,11.4,12.0
3,4,27,11.25925925925926,12.0
