,count,mean,std,min,25%,50%,75%,max
G3,395.0,10.415189873417722,4.5814426109978434,0.0,8.0,11.0,14.0,20.0
studytime,395.0,2.0354430379746837,0.8392403464185556,1.0,1.0,2.0,2.0,4.0
absences,395.0,5.708860759493671,8.00309568710818,0.0,0.0,4.0,8.0,75.0
goout,395.0,3.108860759493671,1.1132781740183424,1.0,2.0,3.0,4.0,5.0
