model,cv_mse,cv_r2,selected_param
OLS,4.261176573261923,0.7916292006363467,
Ridge,4.250571422007009,0.7922932157865006,alpha=5.623
Lasso,3.7739999204636043,0.8177703261310247,alpha=0.1468
