model,cv_rmse,test_rmse,test_mae,test_r2,best_alpha
OLS (Standardized),1.9869466398323212,2.3783697847961363,1.6466656197147496,0.7241341236974023,
Ridge (tuned),1.974313570183782,2.35705326584005,1.6249426988277824,0.7290569475224017,10.0
Lasso (tuned),1.8355307299018917,2.1220098088009034,1.3152087297051689,0.7803991588129633,0.1333521432163324
