best_C,cv_auc,threshold,accuracy,precision,recall
0.1778279410038923,0.9800338983050847,0.5,0.9265822784810127,0.8736842105263158,0.83
